﻿pos_x,pos_y,rotation,side,designator,mpn,pack,footprint,value,mount_type
283.17,-80.01,180.0,top,C1,,,C_Disc_D5.0mm_W2.5mm_P5.00mm,.1uF,tht
182.84,-87.63,180.0,top,C10,,,C_Disc_D5.0mm_W2.5mm_P5.00mm,.1uF,tht
143.55,-85.09,0.0,top,C11,,,C_Disc_D5.0mm_W2.5mm_P5.00mm,.1uF,tht
161.29,-76.24,-90.0,top,C12,,,C_Disc_D5.0mm_W2.5mm_P5.00mm,.1uF,tht
110.53,-86.36,0.0,top,C13,,,C_Disc_D5.0mm_W2.5mm_P5.00mm,.1uF,tht
160.1,-87.63,0.0,top,C14,,,C_Disc_D5.0mm_W2.5mm_P5.00mm,.1uF,tht
111.8,-78.74,0.0,top,C15,,,CP_Radial_D5.0mm_P2.50mm,10uF,tht
223.44,-85.09,180.0,top,C2,,,C_Disc_D5.0mm_W2.5mm_P5.00mm,.1uF,tht
151.21,-85.09,0.0,top,C3,,,C_Disc_D5.0mm_W2.5mm_P5.00mm,1uF,tht
125.77,-85.09,0.0,top,C4,,,C_Disc_D5.0mm_W2.5mm_P5.00mm,.1uF,tht
302.22,-85.09,180.0,top,C5,,,C_Disc_D5.0mm_W2.5mm_P5.00mm,.1uF,tht
135.97,-85.09,0.0,top,C6,,,C_Disc_D5.0mm_W2.5mm_P5.00mm,47nF,tht
200.62,-85.09,180.0,top,C7,,,C_Disc_D5.0mm_W2.5mm_P5.00mm,.1uF,tht
346.67,-89.04,-90.0,top,C8,,,C_Disc_D3.0mm_W1.6mm_P2.50mm,.1uF,tht
189.23,-107.95,90.0,top,C9,,,C_Disc_D3.0mm_W1.6mm_P2.50mm,.001uF,tht
96.2025,-121.14,90.0,bottom,D1,,,D_DO-35_SOD27_P7.62mm_Horizontal,1N914,tht
267.6525,-121.14,90.0,bottom,D10,,,D_DO-35_SOD27_P7.62mm_Horizontal,1N914,tht
286.7025,-121.14,90.0,bottom,D11,,,D_DO-35_SOD27_P7.62mm_Horizontal,1N914,tht
305.7525,-121.14,90.0,bottom,D12,,,D_DO-35_SOD27_P7.62mm_Horizontal,1N914,tht
324.8025,-121.14,90.0,bottom,D13,,,D_DO-35_SOD27_P7.62mm_Horizontal,1N914,tht
354.0125,-121.92,90.0,bottom,D14,,,D_DO-35_SOD27_P7.62mm_Horizontal,1N914,tht
100.965,-140.19,90.0,bottom,D15,,,D_DO-35_SOD27_P7.62mm_Horizontal,1N914,tht
124.7775,-140.19,90.0,bottom,D16,,,D_DO-35_SOD27_P7.62mm_Horizontal,1N914,tht
143.8275,-140.19,90.0,bottom,D17,,,D_DO-35_SOD27_P7.62mm_Horizontal,1N914,tht
162.8775,-140.19,90.0,bottom,D18,,,D_DO-35_SOD27_P7.62mm_Horizontal,1N914,tht
181.9275,-140.19,90.0,bottom,D19,,,D_DO-35_SOD27_P7.62mm_Horizontal,1N914,tht
115.2525,-121.14,90.0,bottom,D2,,,D_DO-35_SOD27_P7.62mm_Horizontal,1N914,tht
200.9775,-140.19,90.0,bottom,D20,,,D_DO-35_SOD27_P7.62mm_Horizontal,1N914,tht
220.0275,-140.19,90.0,bottom,D21,,,D_DO-35_SOD27_P7.62mm_Horizontal,1N914,tht
239.0775,-140.19,90.0,bottom,D22,,,D_DO-35_SOD27_P7.62mm_Horizontal,1N914,tht
258.1275,-140.19,90.0,bottom,D23,,,D_DO-35_SOD27_P7.62mm_Horizontal,1N914,tht
277.1775,-140.19,90.0,bottom,D24,,,D_DO-35_SOD27_P7.62mm_Horizontal,1N914,tht
296.2275,-140.19,90.0,bottom,D25,,,D_DO-35_SOD27_P7.62mm_Horizontal,1N914,tht
315.2775,-140.19,90.0,bottom,D26,,,D_DO-35_SOD27_P7.62mm_Horizontal,1N914,tht
334.3275,-140.19,90.0,bottom,D27,,,D_DO-35_SOD27_P7.62mm_Horizontal,1N914,tht
358.14,-140.19,90.0,bottom,D28,,,D_DO-35_SOD27_P7.62mm_Horizontal,1N914,tht
129.54,-159.24,90.0,bottom,D29,,,D_DO-35_SOD27_P7.62mm_Horizontal,1N914,tht
134.3025,-121.14,90.0,bottom,D3,,,D_DO-35_SOD27_P7.62mm_Horizontal,1N914,tht
148.59,-159.24,90.0,bottom,D30,,,D_DO-35_SOD27_P7.62mm_Horizontal,1N914,tht
167.64,-159.24,90.0,bottom,D31,,,D_DO-35_SOD27_P7.62mm_Horizontal,1N914,tht
186.69,-159.24,90.0,bottom,D32,,,D_DO-35_SOD27_P7.62mm_Horizontal,1N914,tht
205.74,-159.24,90.0,bottom,D33,,,D_DO-35_SOD27_P7.62mm_Horizontal,1N914,tht
224.79,-159.24,90.0,bottom,D34,,,D_DO-35_SOD27_P7.62mm_Horizontal,1N914,tht
243.84,-159.24,90.0,bottom,D35,,,D_DO-35_SOD27_P7.62mm_Horizontal,1N914,tht
262.89,-159.24,90.0,bottom,D36,,,D_DO-35_SOD27_P7.62mm_Horizontal,1N914,tht
281.94,-159.24,90.0,bottom,D37,,,D_DO-35_SOD27_P7.62mm_Horizontal,1N914,tht
300.99,-159.24,90.0,bottom,D38,,,D_DO-35_SOD27_P7.62mm_Horizontal,1N914,tht
320.04,-159.24,90.0,bottom,D39,,,D_DO-35_SOD27_P7.62mm_Horizontal,1N914,tht
153.3525,-121.14,90.0,bottom,D4,,,D_DO-35_SOD27_P7.62mm_Horizontal,1N914,tht
350.99625,-159.24,90.0,bottom,D40,,,D_DO-35_SOD27_P7.62mm_Horizontal,1N914,tht
139.065,-178.29,90.0,bottom,D41,,,D_DO-35_SOD27_P7.62mm_Horizontal,1N914,tht
158.115,-178.29,90.0,bottom,D42,,,D_DO-35_SOD27_P7.62mm_Horizontal,1N914,tht
177.165,-178.29,90.0,bottom,D43,,,D_DO-35_SOD27_P7.62mm_Horizontal,1N914,tht
196.215,-178.29,90.0,bottom,D44,,,D_DO-35_SOD27_P7.62mm_Horizontal,1N914,tht
215.265,-178.29,90.0,bottom,D45,,,D_DO-35_SOD27_P7.62mm_Horizontal,1N914,tht
234.315,-178.29,90.0,bottom,D46,,,D_DO-35_SOD27_P7.62mm_Horizontal,1N914,tht
253.365,-178.29,90.0,bottom,D47,,,D_DO-35_SOD27_P7.62mm_Horizontal,1N914,tht
272.415,-178.29,90.0,bottom,D48,,,D_DO-35_SOD27_P7.62mm_Horizontal,1N914,tht
291.465,-178.29,90.0,bottom,D49,,,D_DO-35_SOD27_P7.62mm_Horizontal,1N914,tht
172.4025,-121.14,90.0,bottom,D5,,,D_DO-35_SOD27_P7.62mm_Horizontal,1N914,tht
310.515,-178.29,90.0,bottom,D50,,,D_DO-35_SOD27_P7.62mm_Horizontal,1N914,tht
120.015,-197.34,90.0,bottom,D51,,,D_DO-35_SOD27_P7.62mm_Horizontal,1N914,tht
139.065,-197.34,90.0,bottom,D52,,,D_DO-35_SOD27_P7.62mm_Horizontal,1N914,tht
158.115,-197.34,90.0,bottom,D53,,,D_DO-35_SOD27_P7.62mm_Horizontal,1N914,tht
227.203,-197.358,90.0,bottom,D54,,,D_DO-35_SOD27_P7.62mm_Horizontal,1N914,tht
296.2275,-197.34,90.0,bottom,D55,,,D_DO-35_SOD27_P7.62mm_Horizontal,1N914,tht
315.2775,-197.34,90.0,bottom,D56,,,D_DO-35_SOD27_P7.62mm_Horizontal,1N914,tht
334.3275,-197.34,90.0,bottom,D57,,,D_DO-35_SOD27_P7.62mm_Horizontal,1N914,tht
83.82,-92.71,0.0,top,D58,,,LED_D3.0mm,LED 3MM,tht
191.4525,-121.14,90.0,bottom,D6,,,D_DO-35_SOD27_P7.62mm_Horizontal,1N914,tht
210.5025,-121.14,90.0,bottom,D7,,,D_DO-35_SOD27_P7.62mm_Horizontal,1N914,tht
229.5525,-121.14,90.0,bottom,D8,,,D_DO-35_SOD27_P7.62mm_Horizontal,1N914,tht
248.6025,-121.14,90.0,bottom,D9,,,D_DO-35_SOD27_P7.62mm_Horizontal,1N914,tht
260.35,-80.01,-90.0,top,J1,,,PinHeader_2x08_P2.54mm_Vertical,Conn_02x08_Odd_Even,tht
135.89,-80.518,0.0,top,R1,,,R_Axial_DIN0204_L3.6mm_D1.6mm_P7.62mm_Horizontal,"6,8K",tht
351.75,-83.92,-90.0,top,R2,,,R_Axial_DIN0204_L3.6mm_D1.6mm_P7.62mm_Horizontal,100K,tht
91.44,-95.25,90.0,top,R3,,,R_Axial_DIN0204_L3.6mm_D1.6mm_P7.62mm_Horizontal,1K,tht
209.55,-87.63,-90.0,top,RN1,,,R_Array_SIP9,10k,tht
99.06,-88.9,90.0,top,RV1,,,Potentiometer_Bourns_3296W_Vertical,100K,tht
91.1225,-118.11,0.0,top,SW1,,,SW_Cherry_MX_1.00u_PCB,ESC,tht
262.5725,-118.11,0.0,top,SW10,,,SW_Cherry_MX_1.00u_PCB,(/9,tht
281.6225,-118.11,0.0,top,SW11,,,SW_Cherry_MX_1.00u_PCB,)/0,tht
300.6725,-118.11,0.0,top,SW12,,,SW_Cherry_MX_1.00u_PCB,_/-,tht
319.7225,-118.11,0.0,top,SW13,,,SW_Cherry_MX_1.00u_PCB,+/=,tht
345.44,-123.19,0.0,top,SW14,,,MX_PCB_2.00u,BACKSPACE,tht
95.885,-137.16,0.0,top,SW15,,,SW_Cherry_MX_1.50u_PCB,HORIZ TAB,tht
119.6975,-137.16,0.0,top,SW16,,,SW_Cherry_MX_1.00u_PCB,Q,tht
138.7475,-137.16,0.0,top,SW17,,,SW_Cherry_MX_1.00u_PCB,W,tht
157.7975,-137.16,0.0,top,SW18,,,SW_Cherry_MX_1.00u_PCB,E,tht
176.8475,-137.16,0.0,top,SW19,,,SW_Cherry_MX_1.00u_PCB,R,tht
110.1725,-118.11,0.0,top,SW2,,,SW_Cherry_MX_1.00u_PCB,!/1,tht
195.8975,-137.16,0.0,top,SW20,,,SW_Cherry_MX_1.00u_PCB,T,tht
214.9475,-137.16,0.0,top,SW21,,,SW_Cherry_MX_1.00u_PCB,Y,tht
233.9975,-137.16,0.0,top,SW22,,,SW_Cherry_MX_1.00u_PCB,U,tht
253.0475,-137.16,0.0,top,SW23,,,SW_Cherry_MX_1.00u_PCB,I,tht
272.0975,-137.16,0.0,top,SW24,,,SW_Cherry_MX_1.00u_PCB,O,tht
291.1475,-137.16,0.0,top,SW25,,,SW_Cherry_MX_1.00u_PCB,P,tht
310.1975,-137.16,0.0,top,SW26,,,SW_Cherry_MX_1.00u_PCB,{ / [,tht
329.2475,-137.16,0.0,top,SW27,,,SW_Cherry_MX_1.00u_PCB,} / ],tht
353.06,-137.16,0.0,top,SW28,,,SW_Cherry_MX_1.50u_PCB,| / \,tht
98.26625,-156.21,0.0,top,SW29,,,SW_Cherry_MX_1.75u_PCB,CAPS LOCK,tht
129.2225,-118.11,0.0,top,SW3,,,SW_Cherry_MX_1.00u_PCB,@/2,tht
124.46,-156.21,0.0,top,SW30,,,SW_Cherry_MX_1.00u_PCB,A,tht
143.51,-156.21,0.0,top,SW31,,,SW_Cherry_MX_1.00u_PCB,S,tht
162.56,-156.21,0.0,top,SW32,,,SW_Cherry_MX_1.00u_PCB,D,tht
181.61,-156.21,0.0,top,SW33,,,SW_Cherry_MX_1.00u_PCB,F,tht
200.66,-156.21,0.0,top,SW34,,,SW_Cherry_MX_1.00u_PCB,G,tht
219.71,-156.21,0.0,top,SW35,,,SW_Cherry_MX_1.00u_PCB,H,tht
238.76,-156.21,0.0,top,SW36,,,SW_Cherry_MX_1.00u_PCB,J,tht
257.81,-156.21,0.0,top,SW37,,,SW_Cherry_MX_1.00u_PCB,K,tht
276.86,-156.21,0.0,top,SW38,,,SW_Cherry_MX_1.00u_PCB,L,tht
295.91,-156.21,0.0,top,SW39,,,SW_Cherry_MX_1.00u_PCB,: / ;,tht
148.2725,-118.11,0.0,top,SW4,,,SW_Cherry_MX_1.00u_PCB,#/3,tht
314.96,-156.21,0.0,top,SW40,,,SW_Cherry_MX_1.00u_PCB,""" / '",tht
345.91625,-156.21,0.0,top,SW41,,,SW_Cherry_MX_2.25u_PCB,CR,tht
100.0125,-180.34,0.0,top,SW42,,,MX_PCB_2.25u,SHIFT,tht
133.985,-175.26,0.0,top,SW43,,,SW_Cherry_MX_1.00u_PCB,Z,tht
153.035,-175.26,0.0,top,SW44,,,SW_Cherry_MX_1.00u_PCB,X,tht
172.085,-175.26,0.0,top,SW45,,,SW_Cherry_MX_1.00u_PCB,C,tht
191.135,-175.26,0.0,top,SW46,,,SW_Cherry_MX_1.00u_PCB,V,tht
210.185,-175.26,0.0,top,SW47,,,SW_Cherry_MX_1.00u_PCB,B,tht
229.235,-175.26,0.0,top,SW48,,,SW_Cherry_MX_1.00u_PCB,N,tht
248.285,-175.26,0.0,top,SW49,,,SW_Cherry_MX_1.00u_PCB,M,tht
167.3225,-118.11,0.0,top,SW5,,,SW_Cherry_MX_1.00u_PCB,$/4,tht
267.335,-175.26,0.0,top,SW50,,,SW_Cherry_MX_1.00u_PCB,< / COMMA,tht
286.385,-175.26,0.0,top,SW51,,,SW_Cherry_MX_1.00u_PCB,> / PERIOD,tht
305.435,-175.26,0.0,top,SW52,,,SW_Cherry_MX_1.00u_PCB,? /,tht
338.7725,-180.34,0.0,top,SW53,,,MX_PCB_2.75u,SHIFT,tht
93.50375,-194.31,0.0,top,SW54,,,SW_Cherry_MX_1.25u_PCB,CTRL,tht
114.935,-194.31,0.0,top,SW55,,,SW_Cherry_MX_1.00u_PCB,TAB UP,tht
133.985,-194.31,0.0,top,SW56,,,SW_Cherry_MX_1.00u_PCB,LF,tht
153.035,-194.31,0.0,top,SW57,,,SW_Cherry_MX_1.00u_PCB,FF,tht
222.09125,-194.31,0.0,top,SW58,,,SW_Cherry_MX_6.25u_PCB,SPACE,tht
291.1475,-194.31,0.0,top,SW59,,,SW_Cherry_MX_1.00u_PCB,~ / `,tht
186.3725,-118.11,0.0,top,SW6,,,SW_Cherry_MX_1.00u_PCB,%/5,tht
310.1975,-194.31,0.0,top,SW60,,,SW_Cherry_MX_1.00u_PCB,BLANK,tht
329.2475,-194.31,0.0,top,SW61,,,SW_Cherry_MX_1.00u_PCB,DEL,tht
353.06,-194.31,0.0,top,SW62,,,SW_Cherry_MX_1.50u_PCB,BREAK / ALT,tht
351.71,-95.45,-90.0,top,SW63,,,SW_PUSH-12mm,RESET,tht
205.4225,-118.11,0.0,top,SW7,,,SW_Cherry_MX_1.00u_PCB,^/6,tht
224.4725,-118.11,0.0,top,SW8,,,SW_Cherry_MX_1.00u_PCB,&/7,tht
243.5225,-118.11,0.0,top,SW9,,,SW_Cherry_MX_1.00u_PCB,*/8,tht
166.37,-82.55,90.0,top,U1,,,DIP-14_W7.62mm_Socket_LongPads,74LS00,tht
158.75,-92.715,0.0,top,U10,,,DIP-14_W7.62mm_Socket_LongPads,74LS74,tht
295.91,-90.17,0.0,top,U11,,,DIP-16_W7.62mm_Socket_LongPads,74LS138,tht
234.95,-107.95,90.0,top,U12,,,DIP-28_W15.24mm_Socket_LongPads,28C64,tht
194.31,-90.17,0.0,top,U13,,,DIP-16_W7.62mm_Socket_LongPads,MC14490,tht
109.22,-92.71,0.0,top,U2,,,DIP-14_W7.62mm_Socket_LongPads,74LS393,tht
176.53,-92.71,0.0,top,U3,,,DIP-14_W7.62mm_Socket_LongPads,74LS02,tht
278.13,-85.09,0.0,top,U4,,,DIP-20_W7.62mm_Socket_LongPads,74LS573,tht
218.44,-90.17,0.0,top,U5,,,DIP-16_W7.62mm_Socket_LongPads,74LS151,tht
142.24,-90.17,0.0,top,U6,,,DIP-16_W7.62mm_Socket_LongPads,74LS123,tht
314.96,-92.71,0.0,top,U7,,,DIP-14_W7.62mm_LongPads,TIL311,tht
328.93,-92.71,0.0,top,U8,,,DIP-14_W7.62mm_LongPads,TIL311,tht
124.46,-90.17,0.0,top,U9,,,DIP-16_W7.62mm_Socket_LongPads,74LS138,tht
85.09,-107.95,0.0,top,Y1,,,Oscillator_DIP-14,100KHZ,tht
