﻿Designator,Quantity,Value,Footprint,Package,MPN,DNP,Mount_Type,Description,Sim.Device,Sim.Pins
"C1, C10, C11, C12, C13, C14, C2, C4, C5, C7",10,.1uF,C_Disc_D5.0mm_W2.5mm_P5.00mm,,,,tht,Unpolarized capacitor,,
C15,1,10uF,CP_Radial_D5.0mm_P2.50mm,,,,tht,"Polarized capacitor, small US symbol",,
C3,1,1uF,C_Disc_D5.0mm_W2.5mm_P5.00mm,,,,tht,"Unpolarized capacitor, small symbol",,
C6,1,47nF,C_Disc_D5.0mm_W2.5mm_P5.00mm,,,,tht,"Unpolarized capacitor, small symbol",,
C8,1,.1uF,C_Disc_D3.0mm_W1.6mm_P2.50mm,,,,tht,Unpolarized capacitor,,
C9,1,.001uF,C_Disc_D3.0mm_W1.6mm_P2.50mm,,,,tht,Unpolarized capacitor,,
"D1, D10, D11, D12, D13, D14, D15, D16, D17, D18, D19, D2, D20, D21, D22, D23, D24, D25, D26, D27, D28, D29, D3, D30, D31, D32, D33, D34, D35, D36, D37, D38, D39, D4, D40, D41, D42, D43, D44, D45, D46, D47, D48, D49, D5, D50, D51, D52, D53, D54, D55, D56, D57, D6, D7, D8, D9",57,1N914,D_DO-35_SOD27_P7.62mm_Horizontal,,,,tht,"100V 0.3A Small Signal Fast Switching Diode, DO-35",D,1=K 2=A
D58,1,LED 3MM,LED_D3.0mm,,,,tht,Light emitting diode,,1=K 2=A
J1,1,Conn_02x08_Odd_Even,PinHeader_2x08_P2.54mm_Vertical,,,,tht,,,
R1,1,"6,8K",R_Axial_DIN0204_L3.6mm_D1.6mm_P7.62mm_Horizontal,,,,tht,"Resistor, small symbol",,
R2,1,100K,R_Axial_DIN0204_L3.6mm_D1.6mm_P7.62mm_Horizontal,,,,tht,"Resistor, small symbol",,
R3,1,1K,R_Axial_DIN0204_L3.6mm_D1.6mm_P7.62mm_Horizontal,,,,tht,"Resistor, small symbol",,
RN1,1,10k,R_Array_SIP9,,,,tht,"8 resistor network, star topology, bussed resistors, small symbol",,
RV1,1,100K,Potentiometer_Bourns_3296W_Vertical,,,,tht,Potentiometer,,
SW1,1,ESC,SW_Cherry_MX_1.00u_PCB,,,,tht,Single Pole Single Throw (SPST) switch,,
SW10,1,(/9,SW_Cherry_MX_1.00u_PCB,,,,tht,Single Pole Single Throw (SPST) switch,,
SW11,1,)/0,SW_Cherry_MX_1.00u_PCB,,,,tht,Single Pole Single Throw (SPST) switch,,
SW12,1,_/-,SW_Cherry_MX_1.00u_PCB,,,,tht,Single Pole Single Throw (SPST) switch,,
SW13,1,+/=,SW_Cherry_MX_1.00u_PCB,,,,tht,Single Pole Single Throw (SPST) switch,,
SW14,1,BACKSPACE,MX_PCB_2.00u,,,,tht,Single Pole Single Throw (SPST) switch,,
SW15,1,HORIZ TAB,SW_Cherry_MX_1.50u_PCB,,,,tht,Single Pole Single Throw (SPST) switch,,
SW16,1,Q,SW_Cherry_MX_1.00u_PCB,,,,tht,Single Pole Single Throw (SPST) switch,,
SW17,1,W,SW_Cherry_MX_1.00u_PCB,,,,tht,Single Pole Single Throw (SPST) switch,,
SW18,1,E,SW_Cherry_MX_1.00u_PCB,,,,tht,Single Pole Single Throw (SPST) switch,,
SW19,1,R,SW_Cherry_MX_1.00u_PCB,,,,tht,Single Pole Single Throw (SPST) switch,,
SW2,1,!/1,SW_Cherry_MX_1.00u_PCB,,,,tht,Single Pole Single Throw (SPST) switch,,
SW20,1,T,SW_Cherry_MX_1.00u_PCB,,,,tht,Single Pole Single Throw (SPST) switch,,
SW21,1,Y,SW_Cherry_MX_1.00u_PCB,,,,tht,Single Pole Single Throw (SPST) switch,,
SW22,1,U,SW_Cherry_MX_1.00u_PCB,,,,tht,Single Pole Single Throw (SPST) switch,,
SW23,1,I,SW_Cherry_MX_1.00u_PCB,,,,tht,Single Pole Single Throw (SPST) switch,,
SW24,1,O,SW_Cherry_MX_1.00u_PCB,,,,tht,Single Pole Single Throw (SPST) switch,,
SW25,1,P,SW_Cherry_MX_1.00u_PCB,,,,tht,Single Pole Single Throw (SPST) switch,,
SW26,1,{ / [,SW_Cherry_MX_1.00u_PCB,,,,tht,Single Pole Single Throw (SPST) switch,,
SW27,1,} / ],SW_Cherry_MX_1.00u_PCB,,,,tht,Single Pole Single Throw (SPST) switch,,
SW28,1,| / \,SW_Cherry_MX_1.50u_PCB,,,,tht,Single Pole Single Throw (SPST) switch,,
SW29,1,CAPS LOCK,SW_Cherry_MX_1.75u_PCB,,,,tht,Single Pole Single Throw (SPST) switch,,
SW3,1,@/2,SW_Cherry_MX_1.00u_PCB,,,,tht,Single Pole Single Throw (SPST) switch,,
SW30,1,A,SW_Cherry_MX_1.00u_PCB,,,,tht,Single Pole Single Throw (SPST) switch,,
SW31,1,S,SW_Cherry_MX_1.00u_PCB,,,,tht,Single Pole Single Throw (SPST) switch,,
SW32,1,D,SW_Cherry_MX_1.00u_PCB,,,,tht,Single Pole Single Throw (SPST) switch,,
SW33,1,F,SW_Cherry_MX_1.00u_PCB,,,,tht,Single Pole Single Throw (SPST) switch,,
SW34,1,G,SW_Cherry_MX_1.00u_PCB,,,,tht,Single Pole Single Throw (SPST) switch,,
SW35,1,H,SW_Cherry_MX_1.00u_PCB,,,,tht,Single Pole Single Throw (SPST) switch,,
SW36,1,J,SW_Cherry_MX_1.00u_PCB,,,,tht,Single Pole Single Throw (SPST) switch,,
SW37,1,K,SW_Cherry_MX_1.00u_PCB,,,,tht,Single Pole Single Throw (SPST) switch,,
SW38,1,L,SW_Cherry_MX_1.00u_PCB,,,,tht,Single Pole Single Throw (SPST) switch,,
SW39,1,: / ;,SW_Cherry_MX_1.00u_PCB,,,,tht,Single Pole Single Throw (SPST) switch,,
SW4,1,#/3,SW_Cherry_MX_1.00u_PCB,,,,tht,Single Pole Single Throw (SPST) switch,,
SW40,1,""" / '",SW_Cherry_MX_1.00u_PCB,,,,tht,Single Pole Single Throw (SPST) switch,,
SW41,1,CR,SW_Cherry_MX_2.25u_PCB,,,,tht,Single Pole Single Throw (SPST) switch,,
SW42,1,SHIFT,MX_PCB_2.25u,,,,tht,Single Pole Single Throw (SPST) switch,,
SW43,1,Z,SW_Cherry_MX_1.00u_PCB,,,,tht,Single Pole Single Throw (SPST) switch,,
SW44,1,X,SW_Cherry_MX_1.00u_PCB,,,,tht,Single Pole Single Throw (SPST) switch,,
SW45,1,C,SW_Cherry_MX_1.00u_PCB,,,,tht,Single Pole Single Throw (SPST) switch,,
SW46,1,V,SW_Cherry_MX_1.00u_PCB,,,,tht,Single Pole Single Throw (SPST) switch,,
SW47,1,B,SW_Cherry_MX_1.00u_PCB,,,,tht,Single Pole Single Throw (SPST) switch,,
SW48,1,N,SW_Cherry_MX_1.00u_PCB,,,,tht,Single Pole Single Throw (SPST) switch,,
SW49,1,M,SW_Cherry_MX_1.00u_PCB,,,,tht,Single Pole Single Throw (SPST) switch,,
SW5,1,$/4,SW_Cherry_MX_1.00u_PCB,,,,tht,Single Pole Single Throw (SPST) switch,,
SW50,1,< / COMMA,SW_Cherry_MX_1.00u_PCB,,,,tht,Single Pole Single Throw (SPST) switch,,
SW51,1,> / PERIOD,SW_Cherry_MX_1.00u_PCB,,,,tht,Single Pole Single Throw (SPST) switch,,
SW52,1,? /,SW_Cherry_MX_1.00u_PCB,,,,tht,Single Pole Single Throw (SPST) switch,,
SW53,1,SHIFT,MX_PCB_2.75u,,,,tht,Single Pole Single Throw (SPST) switch,,
SW54,1,CTRL,SW_Cherry_MX_1.25u_PCB,,,,tht,Single Pole Single Throw (SPST) switch,,
SW55,1,TAB UP,SW_Cherry_MX_1.00u_PCB,,,,tht,Single Pole Single Throw (SPST) switch,,
SW56,1,LF,SW_Cherry_MX_1.00u_PCB,,,,tht,Single Pole Single Throw (SPST) switch,,
SW57,1,FF,SW_Cherry_MX_1.00u_PCB,,,,tht,Single Pole Single Throw (SPST) switch,,
SW58,1,SPACE,SW_Cherry_MX_6.25u_PCB,,,,tht,Single Pole Single Throw (SPST) switch,,
SW59,1,~ / `,SW_Cherry_MX_1.00u_PCB,,,,tht,Single Pole Single Throw (SPST) switch,,
SW6,1,%/5,SW_Cherry_MX_1.00u_PCB,,,,tht,Single Pole Single Throw (SPST) switch,,
SW60,1,BLANK,SW_Cherry_MX_1.00u_PCB,,,,tht,Single Pole Single Throw (SPST) switch,,
SW61,1,DEL,SW_Cherry_MX_1.00u_PCB,,,,tht,Single Pole Single Throw (SPST) switch,,
SW62,1,BREAK / ALT,SW_Cherry_MX_1.50u_PCB,,,,tht,Single Pole Single Throw (SPST) switch,,
SW63,1,RESET,SW_PUSH-12mm,,,,tht,Single Pole Single Throw (SPST) switch,,
SW7,1,^/6,SW_Cherry_MX_1.00u_PCB,,,,tht,Single Pole Single Throw (SPST) switch,,
SW8,1,&/7,SW_Cherry_MX_1.00u_PCB,,,,tht,Single Pole Single Throw (SPST) switch,,
SW9,1,*/8,SW_Cherry_MX_1.00u_PCB,,,,tht,Single Pole Single Throw (SPST) switch,,
U1,1,74LS00,DIP-14_W7.62mm_Socket_LongPads,,,,tht,quad 2-input NAND gate,,
U10,1,74LS74,DIP-14_W7.62mm_Socket_LongPads,,,,tht,"Dual D Flip-flop, Set & Reset",,
"U11, U9",2,74LS138,DIP-16_W7.62mm_Socket_LongPads,,,,tht,Decoder 3 to 8 active low outputs,,
U12,1,28C64,DIP-28_W15.24mm_Socket_LongPads,,,,tht,"Paged Parallel EEPROM 256Kb (32K x 8), DIP-28/SOIC-28",,
U13,1,MC14490,DIP-16_W7.62mm_Socket_LongPads,,,,tht,,,
U2,1,74LS393,DIP-14_W7.62mm_Socket_LongPads,,,,tht,Dual BCD 4-bit counter,,
U3,1,74LS02,DIP-14_W7.62mm_Socket_LongPads,,,,tht,quad 2-input NOR gate,,
U4,1,74LS573,DIP-20_W7.62mm_Socket_LongPads,,,,tht,8-bit Latch 3-state outputs,,
U5,1,74LS151,DIP-16_W7.62mm_Socket_LongPads,,,,tht,Multiplexer 8 to 1,,
U6,1,74LS123,DIP-16_W7.62mm_Socket_LongPads,,,,tht,Dual retriggerable Monostable,,
"U7, U8",2,TIL311,DIP-14_W7.62mm_LongPads,,,,tht,,,
Y1,1,100KHZ,Oscillator_DIP-14,,,,tht,"Crystal Clock Oscillator, DIP14-style metal package",,
